{"stats":{"minecraft:used":{"minecraft:stripped_oak_wood":1},"minecraft:picked_up":{"minecraft:stripped_oak_wood":1},"minecraft:custom":{"minecraft:jump":5,"minecraft:open_chest":2,"minecraft:time_since_rest":10983,"minecraft:interact_with_furnace":1,"minecraft:sprint_one_cm":1590,"minecraft:play_time":10983,"minecraft:time_since_death":10983,"minecraft:walk_one_cm":11055,"minecraft:total_world_time":10983,"minecraft:fly_one_cm":248},"minecraft:mined":{"minecraft:stripped_oak_wood":1}},"DataVersion":3465}