{"stats":{"minecraft:used":{"minecraft:leather_chestplate":1},"minecraft:picked_up":{"minecraft:crafting_table":1,"minecraft:stripped_oak_wood":4,"minecraft:red_bed":1},"minecraft:custom":{"minecraft:jump":29,"minecraft:open_chest":1,"minecraft:time_since_rest":2982,"minecraft:damage_dealt":10,"minecraft:leave_game":1,"minecraft:sprint_one_cm":3539,"minecraft:play_time":2982,"minecraft:time_since_death":2982,"minecraft:walk_one_cm":5588,"minecraft:sneak_time":4,"minecraft:total_world_time":2982,"minecraft:fall_one_cm":685,"minecraft:fly_one_cm":4418},"minecraft:mined":{"minecraft:stripped_oak_wood":4,"minecraft:red_bed":1,"minecraft:crafting_table":1}},"DataVersion":3465}