{"stats":{"minecraft:used":{"minecraft:leather_chestplate":1},"minecraft:picked_up":{"minecraft:crafting_table":1,"minecraft:stripped_oak_wood":4,"minecraft:red_bed":1},"minecraft:custom":{"minecraft:jump":71,"minecraft:open_chest":1,"minecraft:time_since_rest":5602,"minecraft:damage_taken":160,"minecraft:damage_dealt":10,"minecraft:leave_game":1,"minecraft:play_time":5602,"minecraft:sprint_one_cm":5465,"minecraft:time_since_death":5602,"minecraft:walk_one_cm":7942,"minecraft:sneak_time":4,"minecraft:climb_one_cm":8445,"minecraft:total_world_time":5602,"minecraft:fall_one_cm":3648,"minecraft:fly_one_cm":11945},"minecraft:mined":{"minecraft:vine":4,"minecraft:stripped_oak_wood":4,"minecraft:red_bed":1,"minecraft:crafting_table":1}},"DataVersion":3465}