{"stats":{"minecraft:used":{"minecraft:oak_planks":10,"minecraft:crafting_table":1},"minecraft:picked_up":{"minecraft:stick":2,"minecraft:oak_log":12,"minecraft:oak_planks":5,"minecraft:birch_sapling":1},"minecraft:crafted":{"minecraft:crafting_table":1,"minecraft:oak_planks":36},"minecraft:custom":{"minecraft:jump":23,"minecraft:time_since_rest":8764,"minecraft:crouch_one_cm":267,"minecraft:leave_game":3,"minecraft:play_time":8764,"minecraft:time_since_death":8764,"minecraft:sprint_one_cm":286,"minecraft:walk_one_cm":5607,"minecraft:sneak_time":385,"minecraft:total_world_time":8764,"minecraft:interact_with_crafting_table":1,"minecraft:fall_one_cm":209,"minecraft:fly_one_cm":276},"minecraft:mined":{"minecraft:oak_log":12,"minecraft:oak_planks":5,"minecraft:oak_leaves":2}},"DataVersion":3465}