{"stats":{"minecraft:used":{"minecraft:wooden_axe":34,"minecraft:stone_sword":21,"minecraft:apple":2,"minecraft:oak_planks":10,"minecraft:leather_chestplate":1,"minecraft:wooden_pickaxe":22,"minecraft:dirt":4,"minecraft:crafting_table":2},"minecraft:picked_up":{"minecraft:birch_log":7,"minecraft:stick":7,"minecraft:crafting_table":2,"minecraft:azure_bluet":1,"minecraft:dandelion":2,"minecraft:oak_log":30,"minecraft:string":1,"minecraft:dirt":18,"minecraft:rotten_flesh":3,"minecraft:apple":2,"minecraft:wheat_seeds":2,"minecraft:oak_sapling":14,"minecraft:birch_sapling":4,"minecraft:oak_planks":9,"minecraft:cobblestone":20},"minecraft:crafted":{"minecraft:oak_planks":36,"minecraft:crafting_table":1,"minecraft:stick":4,"minecraft:wooden_pickaxe":1,"minecraft:stone_pickaxe":1,"minecraft:wooden_axe":1,"minecraft:stone_sword":1},"minecraft:dropped":{"minecraft:oak_planks":1},"minecraft:custom":{"minecraft:time_since_rest":22897,"minecraft:sprint_one_cm":30347,"minecraft:damage_taken":167,"minecraft:walk_one_cm":29355,"minecraft:mob_kills":5,"minecraft:drop":1,"minecraft:damage_dealt":987,"minecraft:interact_with_crafting_table":4,"minecraft:fly_one_cm":28585,"minecraft:open_chest":2,"minecraft:crouch_one_cm":301,"minecraft:play_time":32574,"minecraft:sneak_time":582,"minecraft:jump":207,"minecraft:leave_game":4,"minecraft:time_since_death":32574,"minecraft:sleep_in_bed":1,"minecraft:climb_one_cm":1458,"minecraft:total_world_time":32574,"minecraft:fall_one_cm":6329},"minecraft:killed":{"minecraft:zombie":4,"minecraft:spider":1},"minecraft:mined":{"minecraft:birch_log":7,"minecraft:azure_bluet":2,"minecraft:crafting_table":2,"minecraft:grass":3,"minecraft:oak_log":30,"minecraft:dirt":2,"minecraft:stone":20,"minecraft:oak_planks":8,"minecraft:oak_leaves":2}},"DataVersion":3465}