{"stats":{"minecraft:used":{"minecraft:wooden_axe":30,"minecraft:crafting_table":1,"minecraft:oak_planks":10},"minecraft:picked_up":{"minecraft:birch_log":7,"minecraft:stick":7,"minecraft:crafting_table":1,"minecraft:apple":2,"minecraft:oak_log":30,"minecraft:oak_sapling":14,"minecraft:birch_sapling":4,"minecraft:oak_planks":9},"minecraft:crafted":{"minecraft:oak_planks":36,"minecraft:crafting_table":1,"minecraft:stick":4,"minecraft:wooden_axe":1},"minecraft:dropped":{"minecraft:oak_planks":1},"minecraft:custom":{"minecraft:open_chest":1,"minecraft:time_since_rest":10897,"minecraft:crouch_one_cm":267,"minecraft:play_time":20574,"minecraft:sprint_one_cm":14131,"minecraft:damage_taken":30,"minecraft:walk_one_cm":14276,"minecraft:sneak_time":549,"minecraft:drop":1,"minecraft:jump":91,"minecraft:leave_game":4,"minecraft:time_since_death":20574,"minecraft:sleep_in_bed":1,"minecraft:total_world_time":20574,"minecraft:climb_one_cm":450,"minecraft:interact_with_crafting_table":2,"minecraft:fall_one_cm":2138,"minecraft:fly_one_cm":9507},"minecraft:mined":{"minecraft:oak_log":30,"minecraft:birch_log":7,"minecraft:oak_planks":8,"minecraft:oak_leaves":2,"minecraft:crafting_table":1}},"DataVersion":3465}