{
  "morevillagers:root": {
    "criteria": {
      "always": "2024-07-25 02:26:24 +0000"
    },
    "done": true
  },
  "immersive_armors:recipes/misc/wooden": {
    "criteria": {
      "has_item": "2024-07-25 02:29:40 +0000"
    },
    "done": true
  },
  "minecraft:recipes/decorations/crafting_table": {
    "criteria": {
      "unlock_right_away": "2024-07-25 02:26:24 +0000"
    },
    "done": true
  },
  "better_tools:progression_section": {
    "criteria": {
      "progression_section": "2024-07-25 02:26:24 +0000"
    },
    "done": true
  },
  "cataclysm:root": {
    "criteria": {
      "custom_test_name": "2024-07-25 02:26:24 +0000"
    },
    "done": true
  },
  "better_tools:effect_armor_section": {
    "criteria": {
      "effect_armor_section": "2024-07-25 02:26:24 +0000"
    },
    "done": true
  },
  "minecraft:recipes/misc/charcoal": {
    "criteria": {
      "has_log": "2024-07-25 02:29:40 +0000"
    },
    "done": true
  },
  "better_tools:consumables_section": {
    "criteria": {
      "consumables_section": "2024-07-25 02:26:24 +0000"
    },
    "done": true
  },
  "minecraft:recipes/building_blocks/oak_planks": {
    "criteria": {
      "has_logs": "2024-07-25 02:29:40 +0000"
    },
    "done": true
  },
  "better_tools:crystallite_upgrades_section": {
    "criteria": {
      "crystallite_upgrades_section": "2024-07-25 02:26:24 +0000"
    },
    "done": true
  },
  "minecraft:adventure/adventuring_time": {
    "criteria": {
      "minecraft:forest": "2024-07-25 02:28:27 +0000",
      "minecraft:meadow": "2024-07-25 02:26:25 +0000"
    },
    "done": false
  },
  "DataVersion": 3465
}